id,name,age,salary,start_date,last_login,status,score,email,is_verified
1,yPGVl,49,47205.66,1500,2024-12-14T18:18:11,Active,3.8,yjNHqSUo@example.com,True
2,SRyGpLgHVt,70,135122.25,2013-10-11,2024-09-20T13:28:11,Pending,6.1,eyBbstNZ@example.com,True
3,MuRvPl,3po9,127233.96,2019-06-06,2024-05-05T04:31:11,Active,5.3,YtOtHHss@example.com,True
4,jAkVbegBOhg,4ytr9,129311.61,2007-03-18,2024-07-27T04:38:11,Inactive,5.3,GlNRuOYS@example.com,False
5,pTQaokGxSIbJCu,42,8563c4.04,2020-01-13,2024-10-24T13:00:11,Active,1.2,DCoEGTip@example.com,True
6,SlXmHULjoOLZGJs,5u3,107933.76,2018-09-09,2024-08-12T16:56:11,Pending,1.0,wBGhvaig@example.com,False
7,xzGkIqgCDVcNSe,34,130264.05,2019-11-26,2024-12-05T14:28:11,Pending,2.1,lzOiLsyN@example.com,True
8,Nttpemt,46,34882.33,2007-04-14,2024-07-30T03:09:11,Pending,1.1,vAiwJALn@example.com,True
9,ZRFTRzXZJEtY,35,138634.83,2006-11-02,2024-07-15T23:51:11,Inactive,8.4,TdlWFluY@example.com,True
10,NmjerK,70,77880.56,2004-03-03,2024-03-08T00:45:11,Active,4.1,FLMthMJc@example.com,False
11,kOURXrrBSdo,57,38789.65,2014-11-22,2024-11-27T04:23:11,Inactive,6.3,ChdBkdCT@example.com,False
12,mnBty,64,83662.62,2009-05-11,2024-06-22T13:06:11,Pending,1.3,eumAgXic@example.com,False
13,NaWwqu,24,86524.17,2001-06-14,2024-02-20T18:53:11,Pending,5.2,KlAiGgFu@example.com,False
14,FqjPSKJMibBYF,38,64554.21,2009-01-12,2024-12-19T17:10:11,Inactive,4.4,GtBSdRlf@example.com,True
15,YyVteM,49,54333.64,2010-02-08,2024-07-25T23:31:11,Active,1.4,yVYWWLeu@example.com,True
16,WBjZgeEXZiPcm,21,80071.74,2006-05-29,2024-05-14T06:50:11,Inactive,3.6,dbTIAYKg@example.com,True
17,muztkbrDXC,43,60857.04,2003-08-18,2024-10-12T10:15:11,Inactive,4.0,MTobpBNd@example.com,False
18,tJAyZNRCCHu,44,62628.32,2012-11-23,2024-11-14T19:00:11,Pending,9.2,RLhmRmlM@example.com,False
19,xukElYFAYGW,45,93935.97,2003-10-01,2024-06-27T06:36:11,Inactive,8.5,nPmLpvTz@example.com,True
20,OnLWWAAhkdD,31,61553.09,2011-06-19,2024-06-17T13:31:11,Active,9.9,jMnPRMQL@example.com,True
21,WiMChjcXkhN,40,73847.24,2004-06-26,,Pending,0.1,mCRqhBTv@example.com,False
22,hawemde,57,48546.79,2010-09-29,2024-08-14T04:16:11,Inactive,1.9,HHOogslu@example.com,True
23,IsDuOjDyGLYv,70,63257.17,2000-06-01,2024-11-03T14:29:11,Pending,7.0,CXXwSVcJ@example.com,False
24,iIjKdPJ,36,47191.22,2001-01-31,2024-11-13T04:24:11,Pending,4.4,oycpVKbB@example.com,False
25,zxaxtoTwpF,37,44921.67,2021-12-24,2024-08-26T20:21:11,Pending,9.8,PxHvTlrA@example.com,False
26,iMBdTf,58,64892.03,2015-04-12,2024-08-30T18:12:11,Pending,2.2,wLTbMymu@example.com,True
27,DzXui,25,95090.61,2017-09-14,2024-05-07T06:34:11,Active,6.2,UEnIPjdR@example.com,False
28,VzDGIT,31,99260.64,2003-03-24,2024-09-26T11:14:11,Inactive,9.2,pjToRsdG@example.com,False
29,SMnKOkGCqiKD,67,146739.66,2011-05-04,,Pending,8.3,GdfgkSrD@example.com,True
30,lTKdBKhSSs,31,105625.89,2001-05-04,2024-08-04T10:00:11,Inactive,8.9,BJnopTWS@example.com,False
31,BcIqcdiBDcb,18,82285.67,2019-04-11,2025-01-01T10:06:11,Pending,10.0,nEdCwYOs@example.com,True
32,EpqkcxdE,70,90179.2,2010-03-10,2024-08-08T18:43:11,Active,2.1,YtTOCDtI@example.com,False
33,XYTcgQhCWIYiZA,40,57813.33,2023-08-07,,Inactive,6.3,lXbKvxaA@example.com,False
34,vZfWWTgWkwtj,20,96634.86,2008-12-01,2024-12-28T21:05:11,Active,4.4,bPFbgLQr@example.com,False
35,ncHcwHTOdOoM,46,55909.68,2007-11-17,2024-06-21T05:51:11,Active,1.0,MBOfHUlD@example.com,True
36,uXrwDFfqDOO,43,88229.59,2009-03-08,2024-09-16T08:45:11,Pending,1.9,fVTynQiV@example.com,True
37,RqfpzKcZjGb,56,72098.6,2001-08-07,2024-09-01T09:35:11,Active,2.5,sPlvJZle@example.com,True
38,kNJMs,38,142033.37,2017-03-29,2024-12-03T14:04:11,Active,8.7,klZtTEZD@example.com,True
39,QDbfDoNP,18,60744.06,2006-03-20,2024-06-04T16:00:11,Active,0.5,eYMbTILD@example.com,True
40,dLQIlNp,37,141393.31,2021-09-04,2024-10-07T15:07:11,Active,9.3,asfnpOeZ@example.com,True
41,vXPWonHP,48,90982.7,2000-08-04,2025-01-02T23:22:11,Inactive,1.9,isIIvZhN@example.com,False
42,WiGQdQyAZD,24,94067.34,2010-04-11,2024-11-20T13:43:11,Pending,2.3,BNKOnjvY@example.com,True
43,vRecCOgzuvINYe,21,130764.12,2014-03-03,2024-07-01T04:32:11,Inactive,7.7,zZeZjaEg@example.com,True
44,TfXKknhoRkzzrq,28,104447.0,2020-02-04,2024-05-04T14:06:11,Active,8.5,YvVLAYYT@example.com,False
45,KzVKrXvFOo,66,134350.95,2002-06-15,2024-04-18T14:40:11,Active,4.0,BGOwMmhd@example.com,False
46,dqdnl,60,61139.82,2015-06-10,2024-07-29T04:31:11,Inactive,1.4,cAGlYfpi@example.com,True
47,mxxhzT,70,116105.42,2005-01-16,2024-05-25T18:05:11,Active,4.4,Jrazfmbj@example.com,False
48,NvQeLGbdwCzLE,47,50076.41,2002-04-30,2024-07-24T03:37:11,Pending,2.5,eeROtOpo@example.com,True
49,aQjYspxawkO,29,89155.65,2020-07-18,2024-03-21T14:55:11,Active,4.7,rNxpDVWp@example.com,True
50,PeETObonsACMr,61,123618.85,2023-11-13,2024-12-01T14:38:11,Inactive,8.0,LOwyKMqY@example.com,False
51,WjNnsgnwFkJpHF,54,56249.42,2022-05-17,2024-11-22T05:32:11,Pending,7.0,hyzAXkpx@example.com,False
52,twkOQBqiu,43,58553.78,2013-04-28,2024-04-01T05:12:11,Active,4.7,LshVgMFE@example.com,False
53,wabGQkJ,58,42743.65,2022-04-05,2024-10-17T22:42:11,Pending,9.2,NMSpePeP@example.com,True
54,jRgmPmmeUtA,68,136644.29,2015-06-27,2025-01-18T07:13:11,Inactive,8.2,QAIMIFws@example.com,False
55,tmEIfmDDqc,37,120617.28,2002-12-19,2024-08-28T21:53:11,Active,1.8,kSYhlGFO@example.com,False
56,CLZCF,27,31078.12,2007-07-25,2024-06-04T06:37:11,Active,6.6,KEPHdUsN@example.com,True
57,QxQBIS,59,113421.62,2000-03-08,2024-06-10T00:21:11,Pending,3.7,KzgqaQeI@example.com,True
58,lNnEeAOPUCdBK,46,69862.99,2013-02-21,2024-10-20T00:36:11,Inactive,6.8,xGnceGPm@example.com,False
59,yDjgIGZsEEQ,70,37211.43,2015-06-12,2024-10-03T18:26:11,Active,4.3,qgKxEENh@example.com,False
60,OgSTsTIx,51,36464.52,2006-02-18,2025-01-27T06:39:11,Pending,8.8,SZhpIwRh@example.com,False
61,dfsAQxjEroeBs,46,108274.21,2003-07-01,2024-12-05T16:10:11,Pending,7.3,RwVdNadg@example.com,True
62,wQhNbafmqAhcyN,41,102874.48,2004-02-21,2024-08-03T23:44:11,Inactive,10.0,MGHEcFQF@example.com,True
63,PZzwWcEOyGqkR,41,130484.58,2002-10-31,2024-08-08T04:19:11,Pending,8.9,UuPDNgZc@example.com,False
64,MbnKLXuPKxGPaE,24,60423.15,2020-10-12,2024-02-06T01:59:11,Active,5.8,QdrFZTyg@example.com,True
65,tVJuUOjeCaGoqiD,30,33515.87,2014-08-24,2024-10-02T06:31:11,Inactive,0.6,eQGRbSil@example.com,False
66,WDOBct,37,51231.02,2023-02-19,2024-12-14T22:58:11,Inactive,3.4,lVDUxVas@example.com,True
67,MXxZnU,70,117582.7,2014-08-20,2024-07-27T20:35:11,Active,0.3,oXqwuHlt@example.com,False
68,vkXpbNIzVbchf,70,115789.99,2021-05-06,,Pending,0.2,pZWQUiCg@example.com,True
69,xoYMHWxii,46,32793.59,2002-08-11,2024-10-08T17:11:11,Pending,5.0,slXOvvbq@example.com,False
70,iSxnKbwgbaT,55,75669.79,2001-05-01,2024-08-23T08:22:11,Pending,7.1,AYPmDKoV@example.com,False
71,RbGJaC,50,71290.17,2014-03-29,2024-06-03T22:51:11,Active,3.2,BYkCOIOt@example.com,True
72,raSixagCnC,19,40324.79,2008-07-02,2024-04-17T15:59:11,Inactive,7.1,qgdjlQXh@example.com,True
73,ItzyzcNfZs,58,103344.93,2016-03-21,2024-08-25T06:29:11,Inactive,8.6,tQzhLEHh@example.com,False
74,exHMlu,24,68234.32,2006-11-04,2024-08-11T15:33:11,Active,2.8,Leaopapm@example.com,False
75,WuexlLQdznKKV,34,56761.46,2002-08-31,2024-04-28T12:10:11,Inactive,5.3,AuyYVsQS@example.com,False
76,WSHjwhVvt,61,47934.65,2004-03-25,2024-09-10T06:26:11,Pending,3.0,qKDLUzOc@example.com,False
77,AwgeEABTAam,48,118283.32,2010-05-16,2024-11-24T23:25:11,Pending,7.3,MbrGTKeG@example.com,False
78,LvsBrEe,53,80558.5,2020-01-13,2024-02-18T15:00:11,Inactive,7.4,xyolXrNE@example.com,False
79,vEFkWlgEbFPg,57,77921.02,2003-07-19,2024-07-17T00:35:11,Pending,9.3,xcfivzUO@example.com,False
80,bGtDjELNFmN,64,40127.62,2008-08-28,2024-07-24T20:59:11,Active,9.0,rPcJxOUD@example.com,True
81,iwDePbTJkmQ,58,131162.84,2019-06-19,2024-02-06T00:43:11,Active,0.4,kaxvewDV@example.com,False
82,CnXqi,40,55530.49,2012-03-13,2024-09-09T08:29:11,Pending,6.3,uLiSEtJR@example.com,True
83,EVbAfCTDjYsuo,27,82516.52,2023-02-14,2024-05-20T10:14:11,Pending,7.7,BRFqJXha@example.com,False
84,njURHxPqvlRli,33,111115.24,2018-05-08,2024-02-17T22:10:11,Pending,1.7,OWRjFsOj@example.com,False
85,DMNqFAdI,62,126289.98,2016-05-06,2024-10-24T14:20:11,Pending,7.3,lyPPnsNj@example.com,True
86,HwJGtkXQXGbW,62,53609.06,2011-11-29,,Inactive,1.2,zBBDEFtx@example.com,True
87,NeEEzIVXXcHH,20,102770.32,2014-09-13,,Pending,8.3,zUyBdAVv@example.com,False
88,tzehIOPj,25,90611.79,2015-09-25,2024-04-28T19:15:11,Pending,2.8,RLeocOXj@example.com,True
89,pYoWm,32,68669.59,2006-01-28,2024-03-21T21:42:11,Inactive,9.4,YHXvuTva@example.com,True
90,CrusAdWHPtv,36,82449.51,2003-06-06,2024-05-25T20:34:11,Pending,6.3,mbOxLITE@example.com,False
91,vxoqAqgmGPm,41,81993.63,2006-02-03,2024-10-19T16:33:11,Inactive,8.4,WCHFHLjl@example.com,False
92,ReRXexYULZYDJ,19,51718.37,2003-01-27,2024-11-04T03:24:11,Active,6.2,tQwjrHdI@example.com,True
93,hirDdKGHnFLiL,70,68740.36,2014-11-07,2024-05-07T03:47:11,Pending,9.7,lUrprXJj@example.com,False
94,crbYdMsKyO,20,52084.27,2023-05-08,2024-11-11T16:28:11,Active,8.0,yGKlBwPM@example.com,False
95,igLTftD,62,87061.71,2016-01-08,2024-10-04T06:48:11,Inactive,5.1,SeXjRMlI@example.com,False
96,yiKvQPCTf,58,36313.49,2021-06-07,2024-08-02T11:59:11,Inactive,9.7,pVYiKKWv@example.com,False
97,otZClQxT,63,59629.34,2012-10-20,2024-04-09T23:14:11,Pending,4.8,pMwKaxMv@example.com,True
98,ViKSTjTSSrKcq,69,123379.3,2018-08-08,2024-08-03T08:39:11,Pending,2.7,grgOhtro@example.com,True
99,dQFiFSTvpJ,60,86630.8,2001-02-01,,Pending,8.0,vbmwaPdU@example.com,False
100,aBBMfZiZb,67,117996.6,2003-05-12,2024-03-21T16:27:11,Inactive,2.3,vZJzvMpL@example.com,True
101,rWEQYSAwVK,59,92766.65,2018-12-27,2024-11-21T15:53:11,Pending,4.6,SpsdfYkG@example.com,False
102,EJuVUlmpmkMiWeC,63,131118.27,2010-09-11,2024-06-14T08:45:11,Pending,3.6,oHICCUDW@example.com,False
103,vsefawUX,51,73791.64,2023-06-08,,Inactive,4.2,tpcetBuF@example.com,True
104,uIrahbhcmh,38,94187.6,2009-06-21,2024-12-10T09:02:11,Pending,2.6,QAMikoav@example.com,False
105,XzfhgCCyVx,53,33139.56,2023-06-20,2024-07-28T11:50:11,Active,9.8,LdkRDCxH@example.com,True
106,DTtsYoHQyJVOYjE,33,82458.18,2021-08-10,2024-08-28T10:55:11,Pending,0.6,CorazOan@example.com,True
107,UUlrGzLhS,61,137812.34,2021-10-08,2024-04-22T00:06:11,Pending,2.7,UeNfQZCj@example.com,False
108,qRNTSH,35,93394.0,2014-12-28,2024-07-21T23:30:11,Inactive,9.5,eVpUSvOx@example.com,True
109,oVCGBFQRPzGtuD,48,83528.45,2014-02-21,2024-04-04T01:34:11,Inactive,3.0,puIeFdzz@example.com,True
110,ZRwjmm,65,34414.14,2010-02-16,2024-12-26T23:46:11,Inactive,5.4,VjvrSmcS@example.com,False
111,qpWUqhTrqa,40,147845.09,2014-05-01,,Pending,3.1,vOPNqcDK@example.com,False
112,RalhGZy,18,130343.24,2001-02-18,2024-06-29T14:40:11,Active,8.2,cisqtCwP@example.com,False
113,qVmHLX,20,114133.23,2019-11-02,2024-11-28T16:44:11,Inactive,2.9,NpVAXMhl@example.com,True
114,gOELNjInlQbfTA,27,128912.21,2001-11-28,2024-03-14T08:22:11,Active,4.2,GALQWYWF@example.com,True
115,vdjRMSgUsE,53,132403.42,2007-11-21,,Active,7.5,BiJmqNKE@example.com,False
116,nZugj,19,37423.61,2001-11-19,2024-09-13T17:57:11,Active,0.5,qLJUqnYA@example.com,False
117,ZcQhYInDuC,46,43676.92,2019-04-08,2024-06-22T20:41:11,Pending,7.6,piNYItIU@example.com,True
118,tPTCYWnNqXv,32,58381.55,2004-03-30,2024-05-20T11:42:11,Active,5.0,CBPsXWuv@example.com,True
119,zyjyrDjBDgmzAy,50,52584.28,2014-01-14,2024-03-01T18:13:11,Pending,5.7,JKDVwRot@example.com,False
120,BuVQRaJ,19,122831.58,2013-06-05,2025-01-02T16:39:11,Inactive,8.3,lQCXZXod@example.com,False
121,OLEBEm,28,127637.4,2018-04-27,,Active,9.8,xOQhbCQB@example.com,True
122,WByUjjuN,64,109854.44,2020-05-29,2024-06-07T01:39:11,Active,1.3,cNqwVSrX@example.com,False
123,DVBQKKkvTfayZ,63,79777.18,2005-04-30,2024-09-11T04:05:11,Pending,4.9,BqEOTBUA@example.com,True
124,cKvVlftgZIIiTpl,31,91159.28,2001-12-25,2024-03-05T23:28:11,Pending,8.0,HVEKJwdd@example.com,True
125,WrSTuGmJ,20,142016.79,2017-07-06,2024-12-25T14:57:11,Pending,4.5,JuNCraxP@example.com,False
126,dFETAD,61,48521.19,2011-08-13,,Active,2.6,bBAwdpYT@example.com,True
127,msosLhMEkIOBO,55,138340.76,2018-11-30,2024-05-17T22:14:11,Active,9.9,gyXAkvSk@example.com,True
128,QFXVjOQG,69,141554.36,2018-12-26,2025-01-13T21:27:11,Pending,7.5,smDwRjDp@example.com,True
129,WqmuHHNwJ,19,61937.34,2010-04-20,2024-11-22T11:53:11,Inactive,4.9,uzdbNFxL@example.com,False
130,VfVXnQe,43,46665.52,2014-11-16,2024-05-25T20:30:11,Pending,3.7,uOiTqXJN@example.com,False
131,TnEzmeEaXr,49,145901.95,2002-01-25,2024-03-30T15:52:11,Active,2.0,dUelyDui@example.com,True
132,wIOzOVkQZXUGu,44,133454.33,2016-07-12,2024-05-17T16:44:11,Pending,6.5,xqYVnNWN@example.com,False
133,koXBPWTvCOpi,58,64302.08,2002-01-13,2024-12-07T15:56:11,Inactive,0.4,nZrIukYe@example.com,True
134,IrJgWsDlrO,56,108131.85,2010-11-16,2024-04-08T14:29:11,Inactive,4.2,RNgYLcAH@example.com,True
135,IZFwOxFlsdwqn,46,124819.03,2023-03-19,2025-01-25T10:15:11,Inactive,9.1,FwHEXUEq@example.com,False
136,CoEUuWJxVhRk,69,145356.19,2021-10-06,2024-12-22T07:57:11,Inactive,3.1,TtOzUVmo@example.com,False
137,EilydCGTk,34,57034.95,2022-09-02,,Pending,2.0,YioZyXzu@example.com,True
138,aWyQHCxhRlhzf,21,132705.21,2000-07-06,2024-12-01T13:11:11,Active,2.5,stOSqrUr@example.com,True
139,ifVtkBVckhoZnRG,54,50877.46,2012-12-11,2024-05-31T18:50:11,Pending,3.4,GmZBjCNP@example.com,False
140,KhSBMNFtE,51,100176.91,2010-02-10,2025-01-18T13:12:11,Active,4.8,YMKFSQLm@example.com,False
141,gFgEQavfDWvTDp,63,49209.27,2021-11-05,2025-01-08T06:29:11,Pending,9.3,GxUihmgb@example.com,True
142,HzkIulpDTl,38,136731.33,2021-07-06,2024-11-07T23:47:11,Pending,6.4,qOjXdTuZ@example.com,False
143,ZXkYBAp,23,49422.76,2000-05-03,2024-11-21T05:07:11,Pending,3.2,MkGGUQJO@example.com,True
144,jBLthjjdOfdM,31,74626.02,2003-02-02,2024-02-25T20:10:11,Active,6.6,WrddofGM@example.com,True
145,LePSpxssNcvzNc,24,93488.45,2002-09-15,2024-08-06T20:10:11,Inactive,3.7,YGKrjvpP@example.com,True
146,drtmBDqNgEX,58,129917.0,2010-04-03,2024-08-11T22:41:11,Inactive,6.0,UZwsPMUc@example.com,True
147,fgEfstHaBMJV,48,74158.08,2008-06-19,2024-05-09T21:54:11,Inactive,8.6,KNsBfpeL@example.com,True
148,AcXAkZitPuTM,23,113395.28,2004-05-28,2025-01-07T13:13:11,Pending,6.6,XcVqIvHs@example.com,True
149,EEuAwDDJHuv,21,75299.06,2007-01-14,2024-05-07T11:26:11,Active,8.3,eDEfZklB@example.com,True
150,uiqRgf,51,67626.85,2002-09-08,2024-12-29T03:09:11,Inactive,6.9,wdhzfNjE@example.com,False
151,PbRYaRe,24,84432.34,2013-08-18,2025-01-09T19:58:11,Inactive,5.0,NiphSPpg@example.com,False
152,EAbPJwcNyNLsbGM,66,79661.15,2005-04-07,2024-05-27T09:15:11,Active,7.8,DHqSbkPV@example.com,True
153,gTEsXZ,70,127959.49,2003-08-12,,Pending,6.8,KZhzcScs@example.com,False
154,oLyUzPizww,47,38245.78,2019-07-07,2024-03-21T06:21:11,Inactive,3.2,WBPVxVDV@example.com,False
155,MpzvPVw,56,134024.57,2012-11-18,2024-07-29T06:45:11,Inactive,2.4,EOcSuMCK@example.com,True
156,jnFClYjTncUUd,54,54390.17,2023-06-01,,Pending,1.9,PqBIQINY@example.com,True
157,HfNcmfVkodx,54,47149.46,2009-06-12,2024-11-13T09:28:11,Inactive,0.5,eFoCocUt@example.com,False
158,MYJnm,26,42502.72,2018-05-15,2025-01-29T01:50:11,Pending,3.2,vREkIhcs@example.com,True
159,ybMjv,62,125251.4,2011-08-23,2024-06-06T11:03:11,Pending,9.0,rNlOLfiO@example.com,False
160,GIxdxUKSy,69,149071.55,2018-12-05,2024-03-18T15:37:11,Pending,7.9,IpsmqeMF@example.com,True
161,pasre,23,130483.52,2021-04-05,2024-06-30T08:00:11,Pending,4.3,qLMvwHId@example.com,True
162,OvXbHJooa,42,82961.5,2004-08-21,2024-03-14T12:03:11,Inactive,1.0,KYnYtBaH@example.com,True
163,JUFocg,60,84437.74,2017-02-10,2024-11-13T04:36:11,Inactive,4.8,XegRFmKG@example.com,False
164,cziyvUftteLfK,56,57530.8,2017-05-08,2024-10-01T11:01:11,Pending,8.7,ndoSgunv@example.com,False
165,VmsSbnW,32,78741.33,2011-09-11,2024-12-16T06:16:11,Inactive,9.0,HPbQdFjK@example.com,False
166,JARGMGl,67,109153.03,2002-01-11,2024-11-12T13:11:11,Pending,2.8,XpWglBtg@example.com,False
167,NbRKKpOCA,59,40642.96,2011-06-05,2024-05-06T05:40:11,Active,5.2,NKHyZdOR@example.com,True
168,OYQIzK,39,138274.27,2020-11-07,2024-05-14T19:00:11,Inactive,3.5,HCPeVvUm@example.com,False
169,LMnGfuhksrenBCO,42,132491.69,2022-08-16,2025-01-07T13:01:11,Active,9.3,TIJudBIC@example.com,True
170,TppKxHjW,38,73986.79,2007-12-15,2024-11-10T09:45:11,Pending,9.8,IolRjqjW@example.com,True
171,UYeeeH,40,86422.05,2017-11-05,2024-06-04T09:08:11,Active,3.8,ymRaVDzN@example.com,False
172,KjVKJApIo,69,86381.05,2023-12-15,2024-06-05T16:58:11,Pending,4.5,btnWkzFt@example.com,True
173,xXXKiBZ,25,35107.63,2006-02-17,2024-03-07T09:27:11,Inactive,3.3,SnacyqRq@example.com,False
174,qIaxi,55,30691.94,2014-08-15,2024-02-28T17:24:11,Active,8.6,YqdPLIom@example.com,True
175,FtciXTT,62,108308.49,2023-07-21,2024-08-13T12:35:11,Inactive,0.7,IotAmWSV@example.com,False
176,fUKFUELYgUZZUzA,61,144494.78,2021-04-25,2024-07-03T12:53:11,Pending,9.5,NntZGtEO@example.com,True
177,tJGqgt,40,55044.57,2010-11-01,2024-03-28T15:43:11,Pending,8.2,WeRCEhaO@example.com,True
178,NJmOwfMpYevCCF,44,70916.37,2016-08-25,2025-01-09T17:32:11,Active,2.6,XrftmVPn@example.com,False
179,DVkZkbUte,51,56897.62,2022-08-07,2024-08-26T16:33:11,Inactive,8.7,lDrnMYKS@example.com,False
180,mLyrBe,37,96596.63,2017-09-16,2024-09-03T16:54:11,Pending,3.4,zmpJGaGH@example.com,True
181,ClHfwtFXvCpP,18,126248.93,2018-01-01,2024-03-10T03:14:11,Active,4.6,sQojHEuJ@example.com,False
182,mWqffkSH,23,108961.2,2018-11-06,2024-12-06T16:20:11,Inactive,2.1,gswhdrJv@example.com,True
183,CSaBQwmUhq,69,103544.64,2005-08-15,2024-07-13T07:18:11,Active,5.0,SZziMqvb@example.com,False
184,CzaGyIHorHcok,30,126026.34,2015-10-20,2024-11-01T19:17:11,Inactive,7.6,SiVQImFG@example.com,True
185,rlFgOCsLzamB,20,131434.22,2020-07-10,2024-10-03T20:17:11,Active,3.2,DhbRmoGV@example.com,False
186,rsTTGz,31,46175.39,2014-01-04,2024-02-17T14:51:11,Pending,8.9,fByNdmhd@example.com,False
187,SVLeA,19,67292.61,2022-12-22,2024-10-26T01:11:11,Active,3.8,hqdzexRe@example.com,True
188,oBqvUbBWebOYNPn,38,85794.8,2002-11-24,2024-02-03T01:58:11,Inactive,2.5,MoucyCmz@example.com,False
189,hREUHeGdTE,52,40168.17,2017-01-24,2024-06-11T06:44:11,Pending,4.7,nfwZSEDm@example.com,True
190,cHcINNPMFv,49,102826.78,2010-02-10,2024-07-16T13:49:11,Active,0.1,OSEdvqUl@example.com,False
191,rLpaSNm,35,130485.53,2013-04-12,2024-06-01T09:23:11,Active,7.4,FMbrBkdQ@example.com,True
192,iBIRRmCTjEjq,23,102010.43,2013-04-22,2024-03-08T01:23:11,Inactive,7.8,xIMKDOlc@example.com,True
193,IlOlNeOEpukkNFL,24,146871.15,2005-12-20,2024-12-06T16:06:11,Pending,2.7,yvsbbCCC@example.com,True
194,CGdUjlA,24,125029.37,2006-12-28,2024-12-05T19:45:11,Inactive,9.2,uCrKwZum@example.com,True
195,hTUKgrB,34,103864.0,2007-05-14,2024-02-05T04:45:11,Active,8.4,UXobyvFT@example.com,True
196,cEUZkx,35,84243.39,2006-08-24,2024-04-04T15:24:11,Pending,3.6,RbmxxzzL@example.com,True
197,DBZDJtlqehlA,65,137137.22,2006-05-15,2024-04-17T10:14:11,Active,0.8,kltsIxpc@example.com,True
198,lRHyKXpCqIx,42,117488.69,2011-09-05,,Active,4.9,HJCzbXjH@example.com,False
199,lPhKzJLqY,18,87094.21,2011-03-26,,Active,5.7,dlhYFGwj@example.com,True
200,jbRlF,61,70918.79,2013-09-14,2024-10-15T20:05:11,Inactive,5.3,qPjuvAZy@example.com,False
201,HQLJAvJQXd,68,124205.97,2012-09-18,2024-08-27T20:56:11,Pending,7.7,jIIlGOGW@example.com,False
202,rYcXplWsOYuZo,22,30364.14,2002-03-20,2024-07-29T23:28:11,Active,8.9,GnZmEkOa@example.com,True
203,JyiJCkjNWSBrjPu,38,146155.1,2012-02-05,2024-05-30T08:10:11,Pending,3.6,GtXVMxGP@example.com,False
204,IPrqxspaRzxYfG,70,109736.37,2003-03-05,2024-05-14T17:53:11,Inactive,4.9,zATFwsZD@example.com,True
205,OAoubodcjxN,68,101798.81,2014-12-13,2024-10-06T01:12:11,Pending,0.8,bTnQODop@example.com,True
206,iatXfFSREfL,37,125190.65,2000-04-06,2024-08-15T16:17:11,Inactive,1.5,dCFIrKDW@example.com,False
207,AHLpMmJZ,63,99873.67,2006-04-12,2024-04-27T03:39:11,Inactive,9.3,JWcnmzgp@example.com,True
208,oqKsrBMhdIUZj,70,57557.34,2010-07-01,2024-12-18T22:44:11,Active,4.7,WJsqeOuc@example.com,True
209,FEVcxvPPHinAas,56,85615.76,2013-09-02,2024-06-11T02:53:11,Pending,5.5,DQrWhINh@example.com,False
210,xkSoBZMPkSIn,70,144168.85,2007-05-21,2024-10-14T06:25:11,Active,5.6,MQpCKxRf@example.com,False
211,xYMYDVphOJUV,64,66118.84,2021-02-16,2024-06-02T07:24:11,Active,1.6,ECUpzNue@example.com,True
212,jRtOwck,46,115451.59,2005-05-27,2024-05-10T16:18:11,Inactive,1.3,SWaowFbQ@example.com,True
213,YCUUVjV,44,88380.33,2019-05-11,2024-06-10T00:56:11,Inactive,3.4,dHGfUVym@example.com,True
214,YIgnAUQhfUFR,53,111196.88,2015-09-17,2024-09-24T16:26:11,Active,0.2,zoaHZaYh@example.com,True
215,krcVkCgah,25,106064.83,2002-12-15,2024-06-19T11:34:11,Active,9.9,gZVXtBgi@example.com,True
216,XeyBDNElbqbOnDz,65,87483.45,2007-11-17,2024-06-23T05:18:11,Active,6.6,MxdXEQxO@example.com,False
217,zVBELNd,23,32474.58,2020-11-28,2024-03-18T09:43:11,Pending,6.8,kNNZHhtI@example.com,False
218,nrMiq,53,99096.39,2003-02-19,2024-10-04T12:04:11,Inactive,4.8,BstztjuE@example.com,True
219,VNESYFJsbY,69,115418.74,2003-10-20,2024-05-05T21:02:11,Active,4.1,jhMnWMWU@example.com,True
220,EhxsKzy,37,84924.48,2016-06-30,2024-03-22T05:44:11,Active,2.4,XcwxvSxF@example.com,False
221,nIPvflRnDLAkat,18,130666.04,2014-09-12,2024-05-24T23:57:11,Pending,0.5,HbKfoxPo@example.com,False
222,YafHj,51,78020.94,2002-02-10,2024-02-04T12:47:11,Pending,3.7,lMOdXOlL@example.com,True
223,aSARCLBcQN,49,67434.72,2006-11-01,2024-09-26T18:07:11,Inactive,7.2,ZZvWpyEf@example.com,True
224,VwfMVnszqmuIuk,58,117208.25,2017-07-31,2024-03-07T12:21:11,Active,6.4,dUTlMKIB@example.com,False
225,WePXC,52,37908.66,2015-04-20,2024-07-12T11:05:11,Inactive,8.1,HNAjsBKX@example.com,False
226,WzoaqdB,66,63735.5,2013-06-30,2025-01-02T23:24:11,Pending,1.2,gNVEKJXJ@example.com,True
227,XnDafwC,67,72523.51,2013-12-10,2024-08-13T01:07:11,Inactive,7.4,NveGbsTO@example.com,False
228,fpdZx,25,138554.53,2003-01-03,2024-03-29T01:06:11,Inactive,4.0,ZRdyYNoM@example.com,False
229,CVPptEUnenaf,26,106878.48,2000-04-10,2024-04-08T05:31:11,Inactive,9.6,CkSChmfY@example.com,False
230,ObHaWjZQT,45,136769.11,2000-07-17,,Pending,9.9,ZmEMNtOY@example.com,True
231,XsdfuIptRewl,37,120691.17,2019-02-28,2024-09-27T16:24:11,Inactive,3.6,shIFtKca@example.com,True
232,ULbmj,61,61920.15,2019-09-16,2024-02-26T17:16:11,Inactive,6.5,ExXSQwkX@example.com,False
233,WicmamgeTHnzVD,46,132285.61,2020-09-06,2024-12-31T16:33:11,Inactive,1.5,XwhWcxzW@example.com,False
234,lldHwjjpLskNaK,48,36197.01,2010-08-13,2024-11-25T16:20:11,Inactive,7.3,yFChHkjC@example.com,False
235,hvsSmEMEgWCVgt,20,37160.09,2005-10-22,2024-07-05T10:32:11,Pending,2.2,CXOvNzNH@example.com,True
236,lfNrxVgtRPmh,31,90247.66,2018-05-17,2025-01-10T00:49:11,Active,0.8,QVqbssGc@example.com,True
237,vkdAgzS,46,38449.18,2015-10-08,2024-07-07T09:22:11,Pending,8.2,joYDTfVY@example.com,False
238,jyPAiW,28,93670.6,2022-02-08,2024-05-12T00:50:11,Inactive,8.0,KETejIvC@example.com,True
239,MgGAEsBs,23,146424.0,2020-03-02,2024-09-25T22:09:11,Active,0.3,pNYFfErz@example.com,False
240,FHNIQNtqhqwTM,33,147350.79,2020-07-17,2024-09-22T17:00:11,Pending,9.3,wUHJjsil@example.com,True
241,lOzWb,67,132209.6,2010-10-24,2024-02-18T05:46:11,Inactive,2.2,zQvlkatW@example.com,False
242,HisagqkGQFYude,64,52633.95,2009-04-17,2024-09-10T12:10:11,Inactive,0.6,DANjKoZY@example.com,False
243,OuYjsQ,46,138950.09,2004-11-12,2024-03-02T15:22:11,Active,6.5,OPauvEAw@example.com,False
244,ZKyONNVaxO,40,112787.39,2010-04-10,2024-07-02T06:50:11,Pending,7.1,nzWpCirQ@example.com,False
245,OoMmPfddspSPH,51,142477.05,2018-07-11,2024-12-29T14:45:11,Pending,6.2,AtzkzEvM@example.com,False
246,XJQpCSmbXas,63,125635.53,2013-08-29,2025-01-14T08:45:11,Pending,7.1,ZJcLzlJv@example.com,True
247,algHZzFkfVurazA,69,111574.19,2009-04-01,,Pending,2.5,HvxgpWJd@example.com,True
248,MTctVxXzY,70,80125.54,2002-12-22,2024-06-22T05:09:11,Pending,3.7,cePbfOLv@example.com,True
249,jxpqpZoVb,68,30729.23,2018-05-30,2024-04-07T04:57:11,Active,0.8,pManoejj@example.com,False
250,VoovxDY,18,46815.77,2018-08-12,2024-07-10T01:17:11,Inactive,4.5,uGALrkwz@example.com,False
251,UMPaBXqJOjcms,63,39548.62,2020-10-30,,Inactive,4.0,cWUhOAjJ@example.com,False
252,yqPkZNiUTE,52,57406.65,2019-12-10,2024-04-01T16:29:11,Inactive,5.6,GyqNfvWn@example.com,True
253,aMKiuPSZjkw,35,147785.98,2004-09-03,2024-07-01T15:46:11,Pending,0.8,aZvUEpUj@example.com,False
254,FJLTrKJqxUE,43,142365.73,2019-10-30,2024-01-31T10:35:11,Active,8.8,TzpIVRdn@example.com,False
255,hyXJPyARCSPvPsi,27,130517.63,2016-10-26,2024-10-22T15:19:11,Pending,7.6,WIbBCEmw@example.com,False
256,XiSTGIH,60,67039.96,2008-05-28,2024-03-26T20:42:11,Pending,3.4,oUJhUGJE@example.com,True
257,CTvRcZZm,27,95419.53,2019-11-13,2024-04-18T12:39:11,Active,0.1,MjQpwUIn@example.com,False
258,EajKEpVouv,43,131110.37,2023-02-01,2024-04-17T06:55:11,Pending,5.1,pWXbilhM@example.com,False
259,yDAjL,39,44853.77,2005-03-29,2024-04-24T15:11:11,Inactive,1.8,VUHatWCC@example.com,False
260,OzJpXwyjaQiFDc,49,93041.97,2016-07-16,2024-10-18T04:53:11,Inactive,3.8,ktwGHBOS@example.com,False
261,tdVhT,27,62333.08,2005-11-22,2024-05-06T06:45:11,Inactive,6.0,rYnmsjsZ@example.com,True
262,ZLLqiwMZ,64,104786.94,2015-04-04,2024-07-24T06:46:11,Pending,3.4,ocVjLioj@example.com,False
263,bgmhdsZBCsOTN,64,81885.65,2010-11-08,2024-12-30T18:34:11,Pending,1.8,TGUjJSHs@example.com,False
264,FWIIQMJWB,34,84295.39,2014-09-21,2024-12-19T12:10:11,Inactive,6.5,tDAwMBzG@example.com,True
265,eesBp,65,76517.14,2007-09-16,2024-04-17T15:51:11,Pending,9.1,MSXvevAL@example.com,False
266,stfIKGRYjeSIa,28,129395.43,2013-02-26,2024-12-05T16:35:11,Pending,4.2,qKKVMAQy@example.com,False
267,zeboNzedCTg,31,32284.8,2008-12-18,2024-09-27T23:43:11,Inactive,8.7,xuraDzgj@example.com,True
268,rMatjWZUU,37,132816.41,2011-05-21,2024-08-15T11:32:11,Pending,8.3,NGyayPuc@example.com,False
269,MaZWrYkjwsnBJF,47,94081.21,2007-05-23,2024-04-20T00:16:11,Active,8.5,SSRPrMfo@example.com,True
270,obliqrq,67,44040.59,2020-12-12,,Active,4.4,exqqVGYm@example.com,False
271,GbzTmjaCVzoD,27,136113.82,2005-08-26,2024-03-05T07:11:11,Inactive,0.8,nzNqDhQV@example.com,False
272,wVEAlbnzKK,37,110099.23,2000-09-25,2024-05-13T02:25:11,Active,6.7,FNiAoYLi@example.com,True
273,jEiGwmMkrEpLRY,43,104778.45,2007-12-16,,Pending,0.8,FGGzJtel@example.com,True
274,DinAWsKaqpYkGjW,62,105254.05,2013-10-19,2024-09-07T09:36:11,Active,6.2,AMCrElKx@example.com,False
275,pgkZVV,60,106793.98,2012-06-03,,Pending,1.0,XvJLsRJp@example.com,True
276,aCeMwTdqxOg,21,101994.98,2023-10-20,2024-02-09T05:53:11,Active,1.9,lmYJVcbA@example.com,True
277,IxEyqoNiOLTUC,52,129589.04,2019-05-03,,Inactive,0.7,RndlyMAM@example.com,False
278,zTNlthnLVQh,25,125106.6,2007-11-12,2024-03-11T22:12:11,Active,6.0,OAyvtnBG@example.com,True
279,QLshqVJ,23,102948.88,2017-06-24,2024-07-10T09:33:11,Active,8.0,FIfxqvIb@example.com,True
280,dATyyrbqdY,45,109461.4,2007-01-05,2024-11-06T04:04:11,Inactive,5.8,cCDsAxBI@example.com,False
281,ZSAoHbpYi,54,98184.89,2015-03-18,2024-12-29T15:52:11,Active,5.4,RyDcctaq@example.com,False
282,DIiyqTuWr,26,91524.98,2007-02-26,,Inactive,9.1,tuovkHrz@example.com,False
283,xmXSYII,63,52531.23,2010-04-03,2024-08-17T18:01:11,Active,8.4,QFZgsctZ@example.com,True
284,DetAtm,64,114849.26,2022-12-25,2024-05-28T09:22:11,Inactive,2.9,phRWwvhP@example.com,False
285,ZXVlGfSzLKqVz,67,60562.01,2000-01-09,2024-09-03T19:17:11,Active,4.1,sLxajtdZ@example.com,True
286,iJKKxuoZyJSLRcp,62,104435.16,2006-11-15,2024-06-08T05:34:11,Pending,4.8,DZTZIErV@example.com,True
287,hNrnkbC,40,75370.94,2002-03-27,2024-08-27T21:46:11,Active,9.0,znzHdJJT@example.com,True
288,ALdkJjVbrZWYxYc,23,113121.87,2022-09-27,2024-11-17T13:08:11,Pending,2.5,WawKQoUG@example.com,True
289,tIdVOUDKVOsMJ,37,44992.71,2007-04-05,2024-12-04T06:46:11,Pending,3.9,CkSrLGhV@example.com,True
290,nWRJkYMxRwnOa,48,115040.43,2016-05-27,2024-05-23T15:50:11,Pending,7.0,kivusrpS@example.com,True
291,riWupAkKHWc,20,123150.8,2014-08-17,2025-01-26T17:32:11,Active,7.3,MQsnSMjq@example.com,True
292,KLSPinHthQUJJOX,19,90797.57,2008-09-03,2024-03-18T06:09:11,Pending,6.5,SzbTdqQf@example.com,False
293,SqmyZlxEaEC,68,47228.96,2017-11-18,2024-03-11T16:22:11,Active,1.0,OcDqqmPB@example.com,True
294,lXkfPRnBSfwhgf,30,32385.03,2020-02-27,2024-02-11T09:55:11,Active,1.5,DAnsbCZO@example.com,True
295,oIyEEUVzjsUV,23,72788.41,2007-06-16,2024-02-11T03:39:11,Inactive,3.2,ByrKtJas@example.com,False
296,qqtVeyUWO,61,81715.15,2015-05-06,,Active,5.2,utIhxacv@example.com,True
297,LOyQbECFGFoF,27,49650.97,2009-05-23,2024-06-26T11:36:11,Inactive,6.3,JZzpEpaI@example.com,False
298,pJDwW,52,122535.33,2000-10-05,2024-10-09T18:23:11,Active,4.6,boSFpOSF@example.com,False
299,NwgXNGfJklJRDN,33,97275.5,2003-01-21,2024-03-12T06:22:11,Inactive,6.6,ocXVMbDw@example.com,True
