id,name,age,salary,start_date,last_login,status,score,email,is_verified
1,YPGVL,49,47205.66,,2024-12-14 18:18:11,ACTIVE,3.8,yjNHqSUo@example.com,True
2,SRYGPLGHVT,70,135122.25,2013-10-11,2024-09-20 13:28:11,PENDING,6.1,eyBbstNZ@example.com,True
7,XZGKIQGCDVCNSE,34,130264.05,2019-11-26,2024-12-05 14:28:11,PENDING,2.1,lzOiLsyN@example.com,True
8,NTTPEMT,46,34882.33,2007-04-14,2024-07-30 03:09:11,PENDING,1.1,vAiwJALn@example.com,True
9,ZRFTRZXZJETY,35,138634.83,2006-11-02,2024-07-15 23:51:11,INACTIVE,8.4,TdlWFluY@example.com,True
10,NMJERK,70,77880.56,2004-03-03,2024-03-08 00:45:11,ACTIVE,4.1,FLMthMJc@example.com,False
11,KOURXRRBSDO,57,38789.65,2014-11-22,2024-11-27 04:23:11,INACTIVE,6.3,ChdBkdCT@example.com,False
12,MNBTY,64,83662.62,2009-05-11,2024-06-22 13:06:11,PENDING,1.3,eumAgXic@example.com,False
13,NAWWQU,24,86524.17,2001-06-14,2024-02-20 18:53:11,PENDING,5.2,KlAiGgFu@example.com,False
14,FQJPSKJMIBBYF,38,64554.21,2009-01-12,2024-12-19 17:10:11,INACTIVE,4.4,GtBSdRlf@example.com,True
15,YYVTEM,49,54333.64,2010-02-08,2024-07-25 23:31:11,ACTIVE,1.4,yVYWWLeu@example.com,True
16,WBJZGEEXZIPCM,21,80071.74,2006-05-29,2024-05-14 06:50:11,INACTIVE,3.6,dbTIAYKg@example.com,True
17,MUZTKBRDXC,43,60857.04,2003-08-18,2024-10-12 10:15:11,INACTIVE,4.0,MTobpBNd@example.com,False
18,TJAYZNRCCHU,44,62628.32,2012-11-23,2024-11-14 19:00:11,PENDING,9.2,RLhmRmlM@example.com,False
19,XUKELYFAYGW,45,93935.97,2003-10-01,2024-06-27 06:36:11,INACTIVE,8.5,nPmLpvTz@example.com,True
20,ONLWWAAHKDD,31,61553.09,2011-06-19,2024-06-17 13:31:11,ACTIVE,9.9,jMnPRMQL@example.com,True
21,WIMCHJCXKHN,40,73847.24,2004-06-26,,PENDING,0.1,mCRqhBTv@example.com,False
22,HAWEMDE,57,48546.79,2010-09-29,2024-08-14 04:16:11,INACTIVE,1.9,HHOogslu@example.com,True
23,ISDUOJDYGLYV,70,63257.17,2000-06-01,2024-11-03 14:29:11,PENDING,7.0,CXXwSVcJ@example.com,False
24,IIJKDPJ,36,47191.22,2001-01-31,2024-11-13 04:24:11,PENDING,4.4,oycpVKbB@example.com,False
25,ZXAXTOTWPF,37,44921.67,2021-12-24,2024-08-26 20:21:11,PENDING,9.8,PxHvTlrA@example.com,False
26,IMBDTF,58,64892.03,2015-04-12,2024-08-30 18:12:11,PENDING,2.2,wLTbMymu@example.com,True
27,DZXUI,25,95090.61,2017-09-14,2024-05-07 06:34:11,ACTIVE,6.2,UEnIPjdR@example.com,False
28,VZDGIT,31,99260.64,2003-03-24,2024-09-26 11:14:11,INACTIVE,9.2,pjToRsdG@example.com,False
29,SMNKOKGCQIKD,67,146739.66,2011-05-04,,PENDING,8.3,GdfgkSrD@example.com,True
30,LTKDBKHSSS,31,105625.89,2001-05-04,2024-08-04 10:00:11,INACTIVE,8.9,BJnopTWS@example.com,False
31,BCIQCDIBDCB,18,82285.67,2019-04-11,2025-01-01 10:06:11,PENDING,10.0,nEdCwYOs@example.com,True
32,EPQKCXDE,70,90179.2,2010-03-10,2024-08-08 18:43:11,ACTIVE,2.1,YtTOCDtI@example.com,False
33,XYTCGQHCWIYIZA,40,57813.33,2023-08-07,,INACTIVE,6.3,lXbKvxaA@example.com,False
34,VZFWWTGWKWTJ,20,96634.86,2008-12-01,2024-12-28 21:05:11,ACTIVE,4.4,bPFbgLQr@example.com,False
35,NCHCWHTODOOM,46,55909.68,2007-11-17,2024-06-21 05:51:11,ACTIVE,1.0,MBOfHUlD@example.com,True
36,UXRWDFFQDOO,43,88229.59,2009-03-08,2024-09-16 08:45:11,PENDING,1.9,fVTynQiV@example.com,True
37,RQFPZKCZJGB,56,72098.6,2001-08-07,2024-09-01 09:35:11,ACTIVE,2.5,sPlvJZle@example.com,True
38,KNJMS,38,142033.37,2017-03-29,2024-12-03 14:04:11,ACTIVE,8.7,klZtTEZD@example.com,True
39,QDBFDONP,18,60744.06,2006-03-20,2024-06-04 16:00:11,ACTIVE,0.5,eYMbTILD@example.com,True
40,DLQILNP,37,141393.31,2021-09-04,2024-10-07 15:07:11,ACTIVE,9.3,asfnpOeZ@example.com,True
41,VXPWONHP,48,90982.7,2000-08-04,2025-01-02 23:22:11,INACTIVE,1.9,isIIvZhN@example.com,False
42,WIGQDQYAZD,24,94067.34,2010-04-11,2024-11-20 13:43:11,PENDING,2.3,BNKOnjvY@example.com,True
43,VRECCOGZUVINYE,21,130764.12,2014-03-03,2024-07-01 04:32:11,INACTIVE,7.7,zZeZjaEg@example.com,True
44,TFXKKNHORKZZRQ,28,104447.0,2020-02-04,2024-05-04 14:06:11,ACTIVE,8.5,YvVLAYYT@example.com,False
45,KZVKRXVFOO,66,134350.95,2002-06-15,2024-04-18 14:40:11,ACTIVE,4.0,BGOwMmhd@example.com,False
46,DQDNL,60,61139.82,2015-06-10,2024-07-29 04:31:11,INACTIVE,1.4,cAGlYfpi@example.com,True
47,MXXHZT,70,116105.42,2005-01-16,2024-05-25 18:05:11,ACTIVE,4.4,Jrazfmbj@example.com,False
48,NVQELGBDWCZLE,47,50076.41,2002-04-30,2024-07-24 03:37:11,PENDING,2.5,eeROtOpo@example.com,True
49,AQJYSPXAWKO,29,89155.65,2020-07-18,2024-03-21 14:55:11,ACTIVE,4.7,rNxpDVWp@example.com,True
50,PEETOBONSACMR,61,123618.85,2023-11-13,2024-12-01 14:38:11,INACTIVE,8.0,LOwyKMqY@example.com,False
51,WJNNSGNWFKJPHF,54,56249.42,2022-05-17,2024-11-22 05:32:11,PENDING,7.0,hyzAXkpx@example.com,False
52,TWKOQBQIU,43,58553.78,2013-04-28,2024-04-01 05:12:11,ACTIVE,4.7,LshVgMFE@example.com,False
53,WABGQKJ,58,42743.65,2022-04-05,2024-10-17 22:42:11,PENDING,9.2,NMSpePeP@example.com,True
54,JRGMPMMEUTA,68,136644.29,2015-06-27,2025-01-18 07:13:11,INACTIVE,8.2,QAIMIFws@example.com,False
55,TMEIFMDDQC,37,120617.28,2002-12-19,2024-08-28 21:53:11,ACTIVE,1.8,kSYhlGFO@example.com,False
56,CLZCF,27,31078.12,2007-07-25,2024-06-04 06:37:11,ACTIVE,6.6,KEPHdUsN@example.com,True
57,QXQBIS,59,113421.62,2000-03-08,2024-06-10 00:21:11,PENDING,3.7,KzgqaQeI@example.com,True
58,LNNEEAOPUCDBK,46,69862.99,2013-02-21,2024-10-20 00:36:11,INACTIVE,6.8,xGnceGPm@example.com,False
59,YDJGIGZSEEQ,70,37211.43,2015-06-12,2024-10-03 18:26:11,ACTIVE,4.3,qgKxEENh@example.com,False
60,OGSTSTIX,51,36464.52,2006-02-18,2025-01-27 06:39:11,PENDING,8.8,SZhpIwRh@example.com,False
61,DFSAQXJEROEBS,46,108274.21,2003-07-01,2024-12-05 16:10:11,PENDING,7.3,RwVdNadg@example.com,True
62,WQHNBAFMQAHCYN,41,102874.48,2004-02-21,2024-08-03 23:44:11,INACTIVE,10.0,MGHEcFQF@example.com,True
63,PZZWWCEOYGQKR,41,130484.58,2002-10-31,2024-08-08 04:19:11,PENDING,8.9,UuPDNgZc@example.com,False
64,MBNKLXUPKXGPAE,24,60423.15,2020-10-12,2024-02-06 01:59:11,ACTIVE,5.8,QdrFZTyg@example.com,True
65,TVJUUOJECAGOQID,30,33515.87,2014-08-24,2024-10-02 06:31:11,INACTIVE,0.6,eQGRbSil@example.com,False
66,WDOBCT,37,51231.02,2023-02-19,2024-12-14 22:58:11,INACTIVE,3.4,lVDUxVas@example.com,True
67,MXXZNU,70,117582.7,2014-08-20,2024-07-27 20:35:11,ACTIVE,0.3,oXqwuHlt@example.com,False
68,VKXPBNIZVBCHF,70,115789.99,2021-05-06,,PENDING,0.2,pZWQUiCg@example.com,True
69,XOYMHWXII,46,32793.59,2002-08-11,2024-10-08 17:11:11,PENDING,5.0,slXOvvbq@example.com,False
70,ISXNKBWGBAT,55,75669.79,2001-05-01,2024-08-23 08:22:11,PENDING,7.1,AYPmDKoV@example.com,False
71,RBGJAC,50,71290.17,2014-03-29,2024-06-03 22:51:11,ACTIVE,3.2,BYkCOIOt@example.com,True
72,RASIXAGCNC,19,40324.79,2008-07-02,2024-04-17 15:59:11,INACTIVE,7.1,qgdjlQXh@example.com,True
73,ITZYZCNFZS,58,103344.93,2016-03-21,2024-08-25 06:29:11,INACTIVE,8.6,tQzhLEHh@example.com,False
74,EXHMLU,24,68234.32,2006-11-04,2024-08-11 15:33:11,ACTIVE,2.8,Leaopapm@example.com,False
75,WUEXLLQDZNKKV,34,56761.46,2002-08-31,2024-04-28 12:10:11,INACTIVE,5.3,AuyYVsQS@example.com,False
76,WSHJWHVVT,61,47934.65,2004-03-25,2024-09-10 06:26:11,PENDING,3.0,qKDLUzOc@example.com,False
77,AWGEEABTAAM,48,118283.32,2010-05-16,2024-11-24 23:25:11,PENDING,7.3,MbrGTKeG@example.com,False
78,LVSBREE,53,80558.5,2020-01-13,2024-02-18 15:00:11,INACTIVE,7.4,xyolXrNE@example.com,False
79,VEFKWLGEBFPG,57,77921.02,2003-07-19,2024-07-17 00:35:11,PENDING,9.3,xcfivzUO@example.com,False
80,BGTDJELNFMN,64,40127.62,2008-08-28,2024-07-24 20:59:11,ACTIVE,9.0,rPcJxOUD@example.com,True
81,IWDEPBTJKMQ,58,131162.84,2019-06-19,2024-02-06 00:43:11,ACTIVE,0.4,kaxvewDV@example.com,False
82,CNXQI,40,55530.49,2012-03-13,2024-09-09 08:29:11,PENDING,6.3,uLiSEtJR@example.com,True
83,EVBAFCTDJYSUO,27,82516.52,2023-02-14,2024-05-20 10:14:11,PENDING,7.7,BRFqJXha@example.com,False
84,NJURHXPQVLRLI,33,111115.24,2018-05-08,2024-02-17 22:10:11,PENDING,1.7,OWRjFsOj@example.com,False
85,DMNQFADI,62,126289.98,2016-05-06,2024-10-24 14:20:11,PENDING,7.3,lyPPnsNj@example.com,True
86,HWJGTKXQXGBW,62,53609.06,2011-11-29,,INACTIVE,1.2,zBBDEFtx@example.com,True
87,NEEEZIVXXCHH,20,102770.32,2014-09-13,,PENDING,8.3,zUyBdAVv@example.com,False
88,TZEHIOPJ,25,90611.79,2015-09-25,2024-04-28 19:15:11,PENDING,2.8,RLeocOXj@example.com,True
89,PYOWM,32,68669.59,2006-01-28,2024-03-21 21:42:11,INACTIVE,9.4,YHXvuTva@example.com,True
90,CRUSADWHPTV,36,82449.51,2003-06-06,2024-05-25 20:34:11,PENDING,6.3,mbOxLITE@example.com,False
91,VXOQAQGMGPM,41,81993.63,2006-02-03,2024-10-19 16:33:11,INACTIVE,8.4,WCHFHLjl@example.com,False
92,RERXEXYULZYDJ,19,51718.37,2003-01-27,2024-11-04 03:24:11,ACTIVE,6.2,tQwjrHdI@example.com,True
93,HIRDDKGHNFLIL,70,68740.36,2014-11-07,2024-05-07 03:47:11,PENDING,9.7,lUrprXJj@example.com,False
94,CRBYDMSKYO,20,52084.27,2023-05-08,2024-11-11 16:28:11,ACTIVE,8.0,yGKlBwPM@example.com,False
95,IGLTFTD,62,87061.71,2016-01-08,2024-10-04 06:48:11,INACTIVE,5.1,SeXjRMlI@example.com,False
96,YIKVQPCTF,58,36313.49,2021-06-07,2024-08-02 11:59:11,INACTIVE,9.7,pVYiKKWv@example.com,False
97,OTZCLQXT,63,59629.34,2012-10-20,2024-04-09 23:14:11,PENDING,4.8,pMwKaxMv@example.com,True
98,VIKSTJTSSRKCQ,69,123379.3,2018-08-08,2024-08-03 08:39:11,PENDING,2.7,grgOhtro@example.com,True
99,DQFIFSTVPJ,60,86630.8,2001-02-01,,PENDING,8.0,vbmwaPdU@example.com,False
100,ABBMFZIZB,67,117996.6,2003-05-12,2024-03-21 16:27:11,INACTIVE,2.3,vZJzvMpL@example.com,True
101,RWEQYSAWVK,59,92766.65,2018-12-27,2024-11-21 15:53:11,PENDING,4.6,SpsdfYkG@example.com,False
102,EJUVULMPMKMIWEC,63,131118.27,2010-09-11,2024-06-14 08:45:11,PENDING,3.6,oHICCUDW@example.com,False
103,VSEFAWUX,51,73791.64,2023-06-08,,INACTIVE,4.2,tpcetBuF@example.com,True
104,UIRAHBHCMH,38,94187.6,2009-06-21,2024-12-10 09:02:11,PENDING,2.6,QAMikoav@example.com,False
105,XZFHGCCYVX,53,33139.56,2023-06-20,2024-07-28 11:50:11,ACTIVE,9.8,LdkRDCxH@example.com,True
106,DTTSYOHQYJVOYJE,33,82458.18,2021-08-10,2024-08-28 10:55:11,PENDING,0.6,CorazOan@example.com,True
107,UULRGZLHS,61,137812.34,2021-10-08,2024-04-22 00:06:11,PENDING,2.7,UeNfQZCj@example.com,False
108,QRNTSH,35,93394.0,2014-12-28,2024-07-21 23:30:11,INACTIVE,9.5,eVpUSvOx@example.com,True
109,OVCGBFQRPZGTUD,48,83528.45,2014-02-21,2024-04-04 01:34:11,INACTIVE,3.0,puIeFdzz@example.com,True
110,ZRWJMM,65,34414.14,2010-02-16,2024-12-26 23:46:11,INACTIVE,5.4,VjvrSmcS@example.com,False
111,QPWUQHTRQA,40,147845.09,2014-05-01,,PENDING,3.1,vOPNqcDK@example.com,False
112,RALHGZY,18,130343.24,2001-02-18,2024-06-29 14:40:11,ACTIVE,8.2,cisqtCwP@example.com,False
113,QVMHLX,20,114133.23,2019-11-02,2024-11-28 16:44:11,INACTIVE,2.9,NpVAXMhl@example.com,True
114,GOELNJINLQBFTA,27,128912.21,2001-11-28,2024-03-14 08:22:11,ACTIVE,4.2,GALQWYWF@example.com,True
115,VDJRMSGUSE,53,132403.42,2007-11-21,,ACTIVE,7.5,BiJmqNKE@example.com,False
116,NZUGJ,19,37423.61,2001-11-19,2024-09-13 17:57:11,ACTIVE,0.5,qLJUqnYA@example.com,False
117,ZCQHYINDUC,46,43676.92,2019-04-08,2024-06-22 20:41:11,PENDING,7.6,piNYItIU@example.com,True
118,TPTCYWNNQXV,32,58381.55,2004-03-30,2024-05-20 11:42:11,ACTIVE,5.0,CBPsXWuv@example.com,True
119,ZYJYRDJBDGMZAY,50,52584.28,2014-01-14,2024-03-01 18:13:11,PENDING,5.7,JKDVwRot@example.com,False
120,BUVQRAJ,19,122831.58,2013-06-05,2025-01-02 16:39:11,INACTIVE,8.3,lQCXZXod@example.com,False
121,OLEBEM,28,127637.4,2018-04-27,,ACTIVE,9.8,xOQhbCQB@example.com,True
122,WBYUJJUN,64,109854.44,2020-05-29,2024-06-07 01:39:11,ACTIVE,1.3,cNqwVSrX@example.com,False
123,DVBQKKKVTFAYZ,63,79777.18,2005-04-30,2024-09-11 04:05:11,PENDING,4.9,BqEOTBUA@example.com,True
124,CKVVLFTGZIIITPL,31,91159.28,2001-12-25,2024-03-05 23:28:11,PENDING,8.0,HVEKJwdd@example.com,True
125,WRSTUGMJ,20,142016.79,2017-07-06,2024-12-25 14:57:11,PENDING,4.5,JuNCraxP@example.com,False
126,DFETAD,61,48521.19,2011-08-13,,ACTIVE,2.6,bBAwdpYT@example.com,True
127,MSOSLHMEKIOBO,55,138340.76,2018-11-30,2024-05-17 22:14:11,ACTIVE,9.9,gyXAkvSk@example.com,True
128,QFXVJOQG,69,141554.36,2018-12-26,2025-01-13 21:27:11,PENDING,7.5,smDwRjDp@example.com,True
129,WQMUHHNWJ,19,61937.34,2010-04-20,2024-11-22 11:53:11,INACTIVE,4.9,uzdbNFxL@example.com,False
130,VFVXNQE,43,46665.52,2014-11-16,2024-05-25 20:30:11,PENDING,3.7,uOiTqXJN@example.com,False
131,TNEZMEEAXR,49,145901.95,2002-01-25,2024-03-30 15:52:11,ACTIVE,2.0,dUelyDui@example.com,True
132,WIOZOVKQZXUGU,44,133454.33,2016-07-12,2024-05-17 16:44:11,PENDING,6.5,xqYVnNWN@example.com,False
133,KOXBPWTVCOPI,58,64302.08,2002-01-13,2024-12-07 15:56:11,INACTIVE,0.4,nZrIukYe@example.com,True
134,IRJGWSDLRO,56,108131.85,2010-11-16,2024-04-08 14:29:11,INACTIVE,4.2,RNgYLcAH@example.com,True
135,IZFWOXFLSDWQN,46,124819.03,2023-03-19,2025-01-25 10:15:11,INACTIVE,9.1,FwHEXUEq@example.com,False
136,COEUUWJXVHRK,69,145356.19,2021-10-06,2024-12-22 07:57:11,INACTIVE,3.1,TtOzUVmo@example.com,False
137,EILYDCGTK,34,57034.95,2022-09-02,,PENDING,2.0,YioZyXzu@example.com,True
138,AWYQHCXHRLHZF,21,132705.21,2000-07-06,2024-12-01 13:11:11,ACTIVE,2.5,stOSqrUr@example.com,True
139,IFVTKBVCKHOZNRG,54,50877.46,2012-12-11,2024-05-31 18:50:11,PENDING,3.4,GmZBjCNP@example.com,False
140,KHSBMNFTE,51,100176.91,2010-02-10,2025-01-18 13:12:11,ACTIVE,4.8,YMKFSQLm@example.com,False
141,GFGEQAVFDWVTDP,63,49209.27,2021-11-05,2025-01-08 06:29:11,PENDING,9.3,GxUihmgb@example.com,True
142,HZKIULPDTL,38,136731.33,2021-07-06,2024-11-07 23:47:11,PENDING,6.4,qOjXdTuZ@example.com,False
143,ZXKYBAP,23,49422.76,2000-05-03,2024-11-21 05:07:11,PENDING,3.2,MkGGUQJO@example.com,True
144,JBLTHJJDOFDM,31,74626.02,2003-02-02,2024-02-25 20:10:11,ACTIVE,6.6,WrddofGM@example.com,True
145,LEPSPXSSNCVZNC,24,93488.45,2002-09-15,2024-08-06 20:10:11,INACTIVE,3.7,YGKrjvpP@example.com,True
146,DRTMBDQNGEX,58,129917.0,2010-04-03,2024-08-11 22:41:11,INACTIVE,6.0,UZwsPMUc@example.com,True
147,FGEFSTHABMJV,48,74158.08,2008-06-19,2024-05-09 21:54:11,INACTIVE,8.6,KNsBfpeL@example.com,True
148,ACXAKZITPUTM,23,113395.28,2004-05-28,2025-01-07 13:13:11,PENDING,6.6,XcVqIvHs@example.com,True
149,EEUAWDDJHUV,21,75299.06,2007-01-14,2024-05-07 11:26:11,ACTIVE,8.3,eDEfZklB@example.com,True
150,UIQRGF,51,67626.85,2002-09-08,2024-12-29 03:09:11,INACTIVE,6.9,wdhzfNjE@example.com,False
151,PBRYARE,24,84432.34,2013-08-18,2025-01-09 19:58:11,INACTIVE,5.0,NiphSPpg@example.com,False
152,EABPJWCNYNLSBGM,66,79661.15,2005-04-07,2024-05-27 09:15:11,ACTIVE,7.8,DHqSbkPV@example.com,True
153,GTESXZ,70,127959.49,2003-08-12,,PENDING,6.8,KZhzcScs@example.com,False
154,OLYUZPIZWW,47,38245.78,2019-07-07,2024-03-21 06:21:11,INACTIVE,3.2,WBPVxVDV@example.com,False
155,MPZVPVW,56,134024.57,2012-11-18,2024-07-29 06:45:11,INACTIVE,2.4,EOcSuMCK@example.com,True
156,JNFCLYJTNCUUD,54,54390.17,2023-06-01,,PENDING,1.9,PqBIQINY@example.com,True
157,HFNCMFVKODX,54,47149.46,2009-06-12,2024-11-13 09:28:11,INACTIVE,0.5,eFoCocUt@example.com,False
158,MYJNM,26,42502.72,2018-05-15,2025-01-29 01:50:11,PENDING,3.2,vREkIhcs@example.com,True
159,YBMJV,62,125251.4,2011-08-23,2024-06-06 11:03:11,PENDING,9.0,rNlOLfiO@example.com,False
160,GIXDXUKSY,69,149071.55,2018-12-05,2024-03-18 15:37:11,PENDING,7.9,IpsmqeMF@example.com,True
161,PASRE,23,130483.52,2021-04-05,2024-06-30 08:00:11,PENDING,4.3,qLMvwHId@example.com,True
162,OVXBHJOOA,42,82961.5,2004-08-21,2024-03-14 12:03:11,INACTIVE,1.0,KYnYtBaH@example.com,True
163,JUFOCG,60,84437.74,2017-02-10,2024-11-13 04:36:11,INACTIVE,4.8,XegRFmKG@example.com,False
164,CZIYVUFTTELFK,56,57530.8,2017-05-08,2024-10-01 11:01:11,PENDING,8.7,ndoSgunv@example.com,False
165,VMSSBNW,32,78741.33,2011-09-11,2024-12-16 06:16:11,INACTIVE,9.0,HPbQdFjK@example.com,False
166,JARGMGL,67,109153.03,2002-01-11,2024-11-12 13:11:11,PENDING,2.8,XpWglBtg@example.com,False
167,NBRKKPOCA,59,40642.96,2011-06-05,2024-05-06 05:40:11,ACTIVE,5.2,NKHyZdOR@example.com,True
168,OYQIZK,39,138274.27,2020-11-07,2024-05-14 19:00:11,INACTIVE,3.5,HCPeVvUm@example.com,False
169,LMNGFUHKSRENBCO,42,132491.69,2022-08-16,2025-01-07 13:01:11,ACTIVE,9.3,TIJudBIC@example.com,True
170,TPPKXHJW,38,73986.79,2007-12-15,2024-11-10 09:45:11,PENDING,9.8,IolRjqjW@example.com,True
171,UYEEEH,40,86422.05,2017-11-05,2024-06-04 09:08:11,ACTIVE,3.8,ymRaVDzN@example.com,False
172,KJVKJAPIO,69,86381.05,2023-12-15,2024-06-05 16:58:11,PENDING,4.5,btnWkzFt@example.com,True
173,XXXKIBZ,25,35107.63,2006-02-17,2024-03-07 09:27:11,INACTIVE,3.3,SnacyqRq@example.com,False
174,QIAXI,55,30691.94,2014-08-15,2024-02-28 17:24:11,ACTIVE,8.6,YqdPLIom@example.com,True
175,FTCIXTT,62,108308.49,2023-07-21,2024-08-13 12:35:11,INACTIVE,0.7,IotAmWSV@example.com,False
176,FUKFUELYGUZZUZA,61,144494.78,2021-04-25,2024-07-03 12:53:11,PENDING,9.5,NntZGtEO@example.com,True
177,TJGQGT,40,55044.57,2010-11-01,2024-03-28 15:43:11,PENDING,8.2,WeRCEhaO@example.com,True
178,NJMOWFMPYEVCCF,44,70916.37,2016-08-25,2025-01-09 17:32:11,ACTIVE,2.6,XrftmVPn@example.com,False
179,DVKZKBUTE,51,56897.62,2022-08-07,2024-08-26 16:33:11,INACTIVE,8.7,lDrnMYKS@example.com,False
180,MLYRBE,37,96596.63,2017-09-16,2024-09-03 16:54:11,PENDING,3.4,zmpJGaGH@example.com,True
181,CLHFWTFXVCPP,18,126248.93,2018-01-01,2024-03-10 03:14:11,ACTIVE,4.6,sQojHEuJ@example.com,False
182,MWQFFKSH,23,108961.2,2018-11-06,2024-12-06 16:20:11,INACTIVE,2.1,gswhdrJv@example.com,True
183,CSABQWMUHQ,69,103544.64,2005-08-15,2024-07-13 07:18:11,ACTIVE,5.0,SZziMqvb@example.com,False
184,CZAGYIHORHCOK,30,126026.34,2015-10-20,2024-11-01 19:17:11,INACTIVE,7.6,SiVQImFG@example.com,True
185,RLFGOCSLZAMB,20,131434.22,2020-07-10,2024-10-03 20:17:11,ACTIVE,3.2,DhbRmoGV@example.com,False
186,RSTTGZ,31,46175.39,2014-01-04,2024-02-17 14:51:11,PENDING,8.9,fByNdmhd@example.com,False
187,SVLEA,19,67292.61,2022-12-22,2024-10-26 01:11:11,ACTIVE,3.8,hqdzexRe@example.com,True
188,OBQVUBBWEBOYNPN,38,85794.8,2002-11-24,2024-02-03 01:58:11,INACTIVE,2.5,MoucyCmz@example.com,False
189,HREUHEGDTE,52,40168.17,2017-01-24,2024-06-11 06:44:11,PENDING,4.7,nfwZSEDm@example.com,True
190,CHCINNPMFV,49,102826.78,2010-02-10,2024-07-16 13:49:11,ACTIVE,0.1,OSEdvqUl@example.com,False
191,RLPASNM,35,130485.53,2013-04-12,2024-06-01 09:23:11,ACTIVE,7.4,FMbrBkdQ@example.com,True
192,IBIRRMCTJEJQ,23,102010.43,2013-04-22,2024-03-08 01:23:11,INACTIVE,7.8,xIMKDOlc@example.com,True
193,ILOLNEOEPUKKNFL,24,146871.15,2005-12-20,2024-12-06 16:06:11,PENDING,2.7,yvsbbCCC@example.com,True
194,CGDUJLA,24,125029.37,2006-12-28,2024-12-05 19:45:11,INACTIVE,9.2,uCrKwZum@example.com,True
195,HTUKGRB,34,103864.0,2007-05-14,2024-02-05 04:45:11,ACTIVE,8.4,UXobyvFT@example.com,True
196,CEUZKX,35,84243.39,2006-08-24,2024-04-04 15:24:11,PENDING,3.6,RbmxxzzL@example.com,True
197,DBZDJTLQEHLA,65,137137.22,2006-05-15,2024-04-17 10:14:11,ACTIVE,0.8,kltsIxpc@example.com,True
198,LRHYKXPCQIX,42,117488.69,2011-09-05,,ACTIVE,4.9,HJCzbXjH@example.com,False
199,LPHKZJLQY,18,87094.21,2011-03-26,,ACTIVE,5.7,dlhYFGwj@example.com,True
200,JBRLF,61,70918.79,2013-09-14,2024-10-15 20:05:11,INACTIVE,5.3,qPjuvAZy@example.com,False
201,HQLJAVJQXD,68,124205.97,2012-09-18,2024-08-27 20:56:11,PENDING,7.7,jIIlGOGW@example.com,False
202,RYCXPLWSOYUZO,22,30364.14,2002-03-20,2024-07-29 23:28:11,ACTIVE,8.9,GnZmEkOa@example.com,True
203,JYIJCKJNWSBRJPU,38,146155.1,2012-02-05,2024-05-30 08:10:11,PENDING,3.6,GtXVMxGP@example.com,False
204,IPRQXSPARZXYFG,70,109736.37,2003-03-05,2024-05-14 17:53:11,INACTIVE,4.9,zATFwsZD@example.com,True
205,OAOUBODCJXN,68,101798.81,2014-12-13,2024-10-06 01:12:11,PENDING,0.8,bTnQODop@example.com,True
206,IATXFFSREFL,37,125190.65,2000-04-06,2024-08-15 16:17:11,INACTIVE,1.5,dCFIrKDW@example.com,False
207,AHLPMMJZ,63,99873.67,2006-04-12,2024-04-27 03:39:11,INACTIVE,9.3,JWcnmzgp@example.com,True
208,OQKSRBMHDIUZJ,70,57557.34,2010-07-01,2024-12-18 22:44:11,ACTIVE,4.7,WJsqeOuc@example.com,True
209,FEVCXVPPHINAAS,56,85615.76,2013-09-02,2024-06-11 02:53:11,PENDING,5.5,DQrWhINh@example.com,False
210,XKSOBZMPKSIN,70,144168.85,2007-05-21,2024-10-14 06:25:11,ACTIVE,5.6,MQpCKxRf@example.com,False
211,XYMYDVPHOJUV,64,66118.84,2021-02-16,2024-06-02 07:24:11,ACTIVE,1.6,ECUpzNue@example.com,True
212,JRTOWCK,46,115451.59,2005-05-27,2024-05-10 16:18:11,INACTIVE,1.3,SWaowFbQ@example.com,True
213,YCUUVJV,44,88380.33,2019-05-11,2024-06-10 00:56:11,INACTIVE,3.4,dHGfUVym@example.com,True
214,YIGNAUQHFUFR,53,111196.88,2015-09-17,2024-09-24 16:26:11,ACTIVE,0.2,zoaHZaYh@example.com,True
215,KRCVKCGAH,25,106064.83,2002-12-15,2024-06-19 11:34:11,ACTIVE,9.9,gZVXtBgi@example.com,True
216,XEYBDNELBQBONDZ,65,87483.45,2007-11-17,2024-06-23 05:18:11,ACTIVE,6.6,MxdXEQxO@example.com,False
217,ZVBELND,23,32474.58,2020-11-28,2024-03-18 09:43:11,PENDING,6.8,kNNZHhtI@example.com,False
218,NRMIQ,53,99096.39,2003-02-19,2024-10-04 12:04:11,INACTIVE,4.8,BstztjuE@example.com,True
219,VNESYFJSBY,69,115418.74,2003-10-20,2024-05-05 21:02:11,ACTIVE,4.1,jhMnWMWU@example.com,True
220,EHXSKZY,37,84924.48,2016-06-30,2024-03-22 05:44:11,ACTIVE,2.4,XcwxvSxF@example.com,False
221,NIPVFLRNDLAKAT,18,130666.04,2014-09-12,2024-05-24 23:57:11,PENDING,0.5,HbKfoxPo@example.com,False
222,YAFHJ,51,78020.94,2002-02-10,2024-02-04 12:47:11,PENDING,3.7,lMOdXOlL@example.com,True
223,ASARCLBCQN,49,67434.72,2006-11-01,2024-09-26 18:07:11,INACTIVE,7.2,ZZvWpyEf@example.com,True
224,VWFMVNSZQMUIUK,58,117208.25,2017-07-31,2024-03-07 12:21:11,ACTIVE,6.4,dUTlMKIB@example.com,False
225,WEPXC,52,37908.66,2015-04-20,2024-07-12 11:05:11,INACTIVE,8.1,HNAjsBKX@example.com,False
226,WZOAQDB,66,63735.5,2013-06-30,2025-01-02 23:24:11,PENDING,1.2,gNVEKJXJ@example.com,True
227,XNDAFWC,67,72523.51,2013-12-10,2024-08-13 01:07:11,INACTIVE,7.4,NveGbsTO@example.com,False
228,FPDZX,25,138554.53,2003-01-03,2024-03-29 01:06:11,INACTIVE,4.0,ZRdyYNoM@example.com,False
229,CVPPTEUNENAF,26,106878.48,2000-04-10,2024-04-08 05:31:11,INACTIVE,9.6,CkSChmfY@example.com,False
230,OBHAWJZQT,45,136769.11,2000-07-17,,PENDING,9.9,ZmEMNtOY@example.com,True
231,XSDFUIPTREWL,37,120691.17,2019-02-28,2024-09-27 16:24:11,INACTIVE,3.6,shIFtKca@example.com,True
232,ULBMJ,61,61920.15,2019-09-16,2024-02-26 17:16:11,INACTIVE,6.5,ExXSQwkX@example.com,False
233,WICMAMGETHNZVD,46,132285.61,2020-09-06,2024-12-31 16:33:11,INACTIVE,1.5,XwhWcxzW@example.com,False
234,LLDHWJJPLSKNAK,48,36197.01,2010-08-13,2024-11-25 16:20:11,INACTIVE,7.3,yFChHkjC@example.com,False
235,HVSSMEMEGWCVGT,20,37160.09,2005-10-22,2024-07-05 10:32:11,PENDING,2.2,CXOvNzNH@example.com,True
236,LFNRXVGTRPMH,31,90247.66,2018-05-17,2025-01-10 00:49:11,ACTIVE,0.8,QVqbssGc@example.com,True
237,VKDAGZS,46,38449.18,2015-10-08,2024-07-07 09:22:11,PENDING,8.2,joYDTfVY@example.com,False
238,JYPAIW,28,93670.6,2022-02-08,2024-05-12 00:50:11,INACTIVE,8.0,KETejIvC@example.com,True
239,MGGAESBS,23,146424.0,2020-03-02,2024-09-25 22:09:11,ACTIVE,0.3,pNYFfErz@example.com,False
240,FHNIQNTQHQWTM,33,147350.79,2020-07-17,2024-09-22 17:00:11,PENDING,9.3,wUHJjsil@example.com,True
241,LOZWB,67,132209.6,2010-10-24,2024-02-18 05:46:11,INACTIVE,2.2,zQvlkatW@example.com,False
242,HISAGQKGQFYUDE,64,52633.95,2009-04-17,2024-09-10 12:10:11,INACTIVE,0.6,DANjKoZY@example.com,False
243,OUYJSQ,46,138950.09,2004-11-12,2024-03-02 15:22:11,ACTIVE,6.5,OPauvEAw@example.com,False
244,ZKYONNVAXO,40,112787.39,2010-04-10,2024-07-02 06:50:11,PENDING,7.1,nzWpCirQ@example.com,False
245,OOMMPFDDSPSPH,51,142477.05,2018-07-11,2024-12-29 14:45:11,PENDING,6.2,AtzkzEvM@example.com,False
246,XJQPCSMBXAS,63,125635.53,2013-08-29,2025-01-14 08:45:11,PENDING,7.1,ZJcLzlJv@example.com,True
247,ALGHZZFKFVURAZA,69,111574.19,2009-04-01,,PENDING,2.5,HvxgpWJd@example.com,True
248,MTCTVXXZY,70,80125.54,2002-12-22,2024-06-22 05:09:11,PENDING,3.7,cePbfOLv@example.com,True
249,JXPQPZOVB,68,30729.23,2018-05-30,2024-04-07 04:57:11,ACTIVE,0.8,pManoejj@example.com,False
250,VOOVXDY,18,46815.77,2018-08-12,2024-07-10 01:17:11,INACTIVE,4.5,uGALrkwz@example.com,False
251,UMPABXQJOJCMS,63,39548.62,2020-10-30,,INACTIVE,4.0,cWUhOAjJ@example.com,False
252,YQPKZNIUTE,52,57406.65,2019-12-10,2024-04-01 16:29:11,INACTIVE,5.6,GyqNfvWn@example.com,True
253,AMKIUPSZJKW,35,147785.98,2004-09-03,2024-07-01 15:46:11,PENDING,0.8,aZvUEpUj@example.com,False
254,FJLTRKJQXUE,43,142365.73,2019-10-30,2024-01-31 10:35:11,ACTIVE,8.8,TzpIVRdn@example.com,False
255,HYXJPYARCSPVPSI,27,130517.63,2016-10-26,2024-10-22 15:19:11,PENDING,7.6,WIbBCEmw@example.com,False
256,XISTGIH,60,67039.96,2008-05-28,2024-03-26 20:42:11,PENDING,3.4,oUJhUGJE@example.com,True
257,CTVRCZZM,27,95419.53,2019-11-13,2024-04-18 12:39:11,ACTIVE,0.1,MjQpwUIn@example.com,False
258,EAJKEPVOUV,43,131110.37,2023-02-01,2024-04-17 06:55:11,PENDING,5.1,pWXbilhM@example.com,False
259,YDAJL,39,44853.77,2005-03-29,2024-04-24 15:11:11,INACTIVE,1.8,VUHatWCC@example.com,False
260,OZJPXWYJAQIFDC,49,93041.97,2016-07-16,2024-10-18 04:53:11,INACTIVE,3.8,ktwGHBOS@example.com,False
261,TDVHT,27,62333.08,2005-11-22,2024-05-06 06:45:11,INACTIVE,6.0,rYnmsjsZ@example.com,True
262,ZLLQIWMZ,64,104786.94,2015-04-04,2024-07-24 06:46:11,PENDING,3.4,ocVjLioj@example.com,False
263,BGMHDSZBCSOTN,64,81885.65,2010-11-08,2024-12-30 18:34:11,PENDING,1.8,TGUjJSHs@example.com,False
264,FWIIQMJWB,34,84295.39,2014-09-21,2024-12-19 12:10:11,INACTIVE,6.5,tDAwMBzG@example.com,True
265,EESBP,65,76517.14,2007-09-16,2024-04-17 15:51:11,PENDING,9.1,MSXvevAL@example.com,False
266,STFIKGRYJESIA,28,129395.43,2013-02-26,2024-12-05 16:35:11,PENDING,4.2,qKKVMAQy@example.com,False
267,ZEBONZEDCTG,31,32284.8,2008-12-18,2024-09-27 23:43:11,INACTIVE,8.7,xuraDzgj@example.com,True
268,RMATJWZUU,37,132816.41,2011-05-21,2024-08-15 11:32:11,PENDING,8.3,NGyayPuc@example.com,False
269,MAZWRYKJWSNBJF,47,94081.21,2007-05-23,2024-04-20 00:16:11,ACTIVE,8.5,SSRPrMfo@example.com,True
270,OBLIQRQ,67,44040.59,2020-12-12,,ACTIVE,4.4,exqqVGYm@example.com,False
271,GBZTMJACVZOD,27,136113.82,2005-08-26,2024-03-05 07:11:11,INACTIVE,0.8,nzNqDhQV@example.com,False
272,WVEALBNZKK,37,110099.23,2000-09-25,2024-05-13 02:25:11,ACTIVE,6.7,FNiAoYLi@example.com,True
273,JEIGWMMKREPLRY,43,104778.45,2007-12-16,,PENDING,0.8,FGGzJtel@example.com,True
274,DINAWSKAQPYKGJW,62,105254.05,2013-10-19,2024-09-07 09:36:11,ACTIVE,6.2,AMCrElKx@example.com,False
275,PGKZVV,60,106793.98,2012-06-03,,PENDING,1.0,XvJLsRJp@example.com,True
276,ACEMWTDQXOG,21,101994.98,2023-10-20,2024-02-09 05:53:11,ACTIVE,1.9,lmYJVcbA@example.com,True
277,IXEYQONIOLTUC,52,129589.04,2019-05-03,,INACTIVE,0.7,RndlyMAM@example.com,False
278,ZTNLTHNLVQH,25,125106.6,2007-11-12,2024-03-11 22:12:11,ACTIVE,6.0,OAyvtnBG@example.com,True
279,QLSHQVJ,23,102948.88,2017-06-24,2024-07-10 09:33:11,ACTIVE,8.0,FIfxqvIb@example.com,True
280,DATYYRBQDY,45,109461.4,2007-01-05,2024-11-06 04:04:11,INACTIVE,5.8,cCDsAxBI@example.com,False
281,ZSAOHBPYI,54,98184.89,2015-03-18,2024-12-29 15:52:11,ACTIVE,5.4,RyDcctaq@example.com,False
282,DIIYQTUWR,26,91524.98,2007-02-26,,INACTIVE,9.1,tuovkHrz@example.com,False
283,XMXSYII,63,52531.23,2010-04-03,2024-08-17 18:01:11,ACTIVE,8.4,QFZgsctZ@example.com,True
284,DETATM,64,114849.26,2022-12-25,2024-05-28 09:22:11,INACTIVE,2.9,phRWwvhP@example.com,False
285,ZXVLGFSZLKQVZ,67,60562.01,2000-01-09,2024-09-03 19:17:11,ACTIVE,4.1,sLxajtdZ@example.com,True
286,IJKKXUOZYJSLRCP,62,104435.16,2006-11-15,2024-06-08 05:34:11,PENDING,4.8,DZTZIErV@example.com,True
287,HNRNKBC,40,75370.94,2002-03-27,2024-08-27 21:46:11,ACTIVE,9.0,znzHdJJT@example.com,True
288,ALDKJJVBRZWYXYC,23,113121.87,2022-09-27,2024-11-17 13:08:11,PENDING,2.5,WawKQoUG@example.com,True
289,TIDVOUDKVOSMJ,37,44992.71,2007-04-05,2024-12-04 06:46:11,PENDING,3.9,CkSrLGhV@example.com,True
290,NWRJKYMXRWNOA,48,115040.43,2016-05-27,2024-05-23 15:50:11,PENDING,7.0,kivusrpS@example.com,True
291,RIWUPAKKHWC,20,123150.8,2014-08-17,2025-01-26 17:32:11,ACTIVE,7.3,MQsnSMjq@example.com,True
292,KLSPINHTHQUJJOX,19,90797.57,2008-09-03,2024-03-18 06:09:11,PENDING,6.5,SzbTdqQf@example.com,False
293,SQMYZLXEAEC,68,47228.96,2017-11-18,2024-03-11 16:22:11,ACTIVE,1.0,OcDqqmPB@example.com,True
294,LXKFPRNBSFWHGF,30,32385.03,2020-02-27,2024-02-11 09:55:11,ACTIVE,1.5,DAnsbCZO@example.com,True
295,OIYEEUVZJSUV,23,72788.41,2007-06-16,2024-02-11 03:39:11,INACTIVE,3.2,ByrKtJas@example.com,False
296,QQTVEYUWO,61,81715.15,2015-05-06,,ACTIVE,5.2,utIhxacv@example.com,True
297,LOYQBECFGFOF,27,49650.97,2009-05-23,2024-06-26 11:36:11,INACTIVE,6.3,JZzpEpaI@example.com,False
298,PJDWW,52,122535.33,2000-10-05,2024-10-09 18:23:11,ACTIVE,4.6,boSFpOSF@example.com,False
299,NWGXNGFJKLJRDN,33,97275.5,2003-01-21,2024-03-12 06:22:11,INACTIVE,6.6,ocXVMbDw@example.com,True
